trace,flow_count,sha256,first_start_s,last_start_s
s2_boundary.txt,7,5ac2cf6558f55f9d3ba2ec87df41fc9c722d1e63f63c6c4a7346ed74b3481d60,2.000000000,2.000000000
s2_busy_append.txt,3,d2d7e40a4f0fe4efd3fe85fef29ed9277cc759a9ae14b4ef33bffacf98a7698d,2.000000000,2.000002000
s2_dcqcn_continuity.txt,3,a577078cd6c629273baa1d3902421ded879dd47d142c8d72bde29e4b131ea630,2.000000000,2.000500000
s2_idle_append.txt,3,14c32be9f49daa5d16785c35e37785b0f87ea38f003789679b9f0e4296fc6233,2.000000000,2.000200000
s2_pool_smoke.txt,8,078a4d26042503b8d2ac1d92aeb039abd3b30e419b1b12ca0175b15d48b1444c,2.000000000,2.000200000
s2_prequeued.txt,3,1c4274205ecbbff89eebc473bb69eb1d807adc34a71e7ac0eabff52b64d8e3c2,2.000000000,2.000000000
s2_reference.txt,1,10044d89c00bccb11547cbe118ed7731d340bce7678fbc6a9a56ede3ee0ed68a,2.000000000,2.000000000
